{
  "best_config": {
    "max_position": 1.0,
    "policy_shock": 0.15771782645096571,
    "rebalance_frequency": 5,
    "signal_threshold": 0.030224737754567247
  },
  "best_score": 0.7241937663636548,
  "dataset_snapshot_id": "demo-slice-001",
  "method": "bayesian_gp",
  "run_id": "calibration_pipeline-20260324T072601+0000-f6d1a434063d",
  "seed": 21
}