objective,validation_score,holdout_score,weight
path_fit,0.8471483730065172,0.7373344093226304,0.3
volatility_fit,0.6360212006201224,0.6206306878126353,0.2
turnover_fit,0.9442865527289379,0.9568948800522001,0.15
microstructure_fit,0.5229528535980148,0.5315934065934066,0.15
stylized_facts_fit,0.6137955169431613,0.6096349163756711,0.2
