tick,entropy,hhi,modularity,phase_changes,coalition_persistence
1,1.7917594692280547,0.0,0.0,0.0,0.0
2,1.7917594692280547,0.0,0.0,0.0,0.0
3,1.7917594692280547,0.0,0.0,0.0,1.0
