tick,entropy,hhi,modularity,phase_changes,coalition_persistence
1,0.6931471805599453,0.0,0.0,0.0,0.0
2,0.6931471805599453,0.0,0.0,0.0,1.0
3,0.6931471805599453,0.0,0.0,0.0,1.0
