{
  "csad": {
    "mean": 1.1779449450248325,
    "std": 4.721740622935027,
    "herding_regression": {
      "gamma1": 0.999999999999053,
      "gamma2": 3.961940367794292e-14,
      "herding_detected": false,
      "strength": 0.0
    }
  },
  "pgr_plr": {
    "pgr": 0.0,
    "plr": 0.0,
    "disposition_gap": 0.0,
    "realized_gains": 0.0,
    "realized_losses": 0.0,
    "paper_gains": 0.0,
    "paper_losses": 0.0
  },
  "volatility_clustering": {
    "abs_return_lag1_autocorr": 0.9614987551573906,
    "squared_return_lag1_autocorr": 0.9964925485652433,
    "volatility_level": 4.721840711763732
  },
  "drawdown_distribution": {
    "mean_drawdown": -0.0021277080203921444,
    "max_drawdown": -0.003606335691620277,
    "median_drawdown": -0.0020743655407885475,
    "q90_drawdown": -0.0004299240382038105,
    "count": 9.0
  },
  "all_time_high_effect": {
    "ath_hit_rate": 0.5,
    "mean_return_on_ath": 2.355138599469854,
    "mean_return_off_ath": -5.125797698623209e-05,
    "ath_outperformance": 2.35518985744684
  },
  "loss_aversion_intensity": {
    "mean": 2.25,
    "p90": 2.25,
    "n_obs": 18
  },
  "volatility clustering": {
    "abs_return_lag1_autocorr": 0.9614987551573906,
    "squared_return_lag1_autocorr": 0.9964925485652433,
    "volatility_level": 4.721840711763732
  },
  "drawdown distribution": {
    "mean_drawdown": -0.0021277080203921444,
    "max_drawdown": -0.003606335691620277,
    "median_drawdown": -0.0020743655407885475,
    "q90_drawdown": -0.0004299240382038105,
    "count": 9.0
  },
  "all_time_high effect": {
    "ath_hit_rate": 0.5,
    "mean_return_on_ath": 2.355138599469854,
    "mean_return_off_ath": -5.125797698623209e-05,
    "ath_outperformance": 2.35518985744684
  }
}