{
  "csad": {
    "mean": 0.03945488846612541,
    "std": 0.6328879845482787,
    "herding_regression": {
      "gamma1": 1.0000000000000009,
      "gamma2": 2.842170943040401e-14,
      "herding_detected": false,
      "strength": 0.0
    }
  },
  "pgr_plr": {
    "pgr": 0.0,
    "plr": 0.0,
    "disposition_gap": 0.0,
    "realized_gains": 0.0,
    "realized_losses": 0.0,
    "paper_gains": 0.0,
    "paper_losses": 0.0
  },
  "volatility_clustering": {
    "abs_return_lag1_autocorr": 0.8939124502681056,
    "squared_return_lag1_autocorr": 0.9798359208951832,
    "volatility_level": 0.6330547303805565
  },
  "drawdown_distribution": {
    "mean_drawdown": -0.03495075323907153,
    "max_drawdown": -0.09410003994933791,
    "median_drawdown": -0.034129810285907336,
    "q90_drawdown": -0.007020097193494745,
    "count": 313.0
  },
  "all_time_high_effect": {
    "ath_hit_rate": 0.15633423180592992,
    "mean_return_on_ath": 0.23621705677614546,
    "mean_return_off_ath": -0.0002920879640694752,
    "ath_outperformance": 0.23650914474021495
  },
  "loss_aversion_intensity": {
    "mean": 2.25,
    "p90": 2.25,
    "n_obs": 371
  },
  "volatility clustering": {
    "abs_return_lag1_autocorr": 0.8939124502681056,
    "squared_return_lag1_autocorr": 0.9798359208951832,
    "volatility_level": 0.6330547303805565
  },
  "drawdown distribution": {
    "mean_drawdown": -0.03495075323907153,
    "max_drawdown": -0.09410003994933791,
    "median_drawdown": -0.034129810285907336,
    "q90_drawdown": -0.007020097193494745,
    "count": 313.0
  },
  "all_time_high effect": {
    "ath_hit_rate": 0.15633423180592992,
    "mean_return_on_ath": 0.23621705677614546,
    "mean_return_off_ath": -0.0002920879640694752,
    "ath_outperformance": 0.23650914474021495
  }
}